date,count,day_of_week,Public Holiday
2021-01-01,1918,Friday,New Year's Day
2021-01-02,3192,Saturday,Working Day
2021-01-03,1458,Sunday,Working Day
2021-01-04,3592,Monday,Working Day
2021-01-05,3474,Tuesday,Working Day
2021-01-06,3518,Wednesday,Working Day
2021-01-07,3639,Thursday,Working Day
2021-01-08,3254,Friday,Working Day
2021-01-09,3479,Saturday,Working Day
2021-01-10,1335,Sunday,Working Day
2021-01-11,3495,Monday,Working Day
2021-01-12,2679,Tuesday,Working Day
2021-01-13,2136,Wednesday,Working Day
2021-01-14,1412,Thursday,Pongal
2021-01-15,2407,Friday,Thiruvalluvar Day
2021-01-16,2837,Saturday,Uzhavar Thirunal
2021-01-17,1312,Sunday,Working Day
2021-01-18,4094,Monday,Working Day
2021-01-19,4144,Tuesday,Working Day
2021-01-20,4082,Wednesday,Working Day
2021-01-21,3955,Thursday,Working Day
2021-01-22,3733,Friday,Working Day
2021-01-23,3747,Saturday,Working Day
2021-01-24,1502,Sunday,Working Day
2021-01-25,3740,Monday,Working Day
2021-01-26,4238,Tuesday,Republic Day
2021-01-27,3394,Wednesday,Working Day
2021-01-28,3774,Thursday,Working Day
2021-01-29,3545,Friday,Working Day
2021-01-30,3500,Saturday,Working Day
2021-01-31,1724,Sunday,Working Day
2021-02-01,4051,Monday,Working Day
2021-02-02,4430,Tuesday,Working Day
2021-02-03,4123,Wednesday,Working Day
2021-02-04,4118,Thursday,Working Day
2021-02-05,4125,Friday,Working Day
2021-02-06,3971,Saturday,Working Day
2021-02-07,1727,Sunday,Working Day
2021-02-08,4293,Monday,Working Day
2021-02-09,4378,Tuesday,Working Day
2021-02-10,4053,Wednesday,Working Day
2021-02-11,3823,Thursday,Working Day
2021-02-12,3798,Friday,Working Day
2021-02-13,3880,Saturday,Working Day
2021-02-14,1712,Sunday,Working Day
2021-02-15,3911,Monday,Working Day
2021-02-16,4342,Tuesday,Working Day
2021-02-17,4174,Wednesday,Working Day
2021-02-18,4404,Thursday,Working Day
2021-02-19,3771,Friday,Working Day
2021-02-20,3802,Saturday,Working Day
2021-02-21,1811,Sunday,Working Day
2021-02-22,4266,Monday,Working Day
2021-02-23,4058,Tuesday,Working Day
2021-02-24,3950,Wednesday,Working Day
2021-02-25,3484,Thursday,Working Day
2021-02-26,3494,Friday,Working Day
2021-02-27,3522,Saturday,Working Day
2021-02-28,1663,Sunday,Working Day
2021-03-01,4498,Monday,Working Day
2021-03-02,4418,Tuesday,Working Day
2021-03-03,4354,Wednesday,Working Day
2021-03-04,4767,Thursday,Working Day
2021-03-05,4239,Friday,Working Day
2021-03-06,4168,Saturday,Working Day
2021-03-07,1593,Sunday,Working Day
2021-03-08,4630,Monday,Working Day
2021-03-09,4332,Tuesday,Working Day
2021-03-10,4125,Wednesday,Working Day
2021-03-11,3598,Thursday,Working Day
2021-03-12,3526,Friday,Working Day
2021-03-13,3907,Saturday,Working Day
2021-03-14,1591,Sunday,Working Day
2021-03-15,4498,Monday,Working Day
2021-03-16,4796,Tuesday,Working Day
2021-03-17,4619,Wednesday,Working Day
2021-03-18,4992,Thursday,Working Day
2021-03-19,4449,Friday,Working Day
2021-03-20,4270,Saturday,Working Day
2021-03-21,1687,Sunday,Working Day
2021-03-22,4883,Monday,Working Day
2021-03-23,4702,Tuesday,Working Day
2021-03-24,4226,Wednesday,Working Day
2021-03-25,4882,Thursday,Working Day
2021-03-26,4203,Friday,Working Day
2021-03-27,3884,Saturday,Working Day
2021-03-28,1702,Sunday,Working Day
2021-03-29,4365,Monday,Working Day
2021-03-30,4178,Tuesday,Working Day
2021-03-31,4093,Wednesday,Working Day
2021-04-01,4312,Thursday,*Annual closing of Accounts for Commercial Banks & Co-operative Banks
2021-04-02,4442,Friday,Good Friday
2021-04-03,3876,Saturday,Working Day
2021-04-04,1422,Sunday,Working Day
2021-04-05,3773,Monday,Working Day
2021-04-06,2156,Tuesday,Working Day
2021-04-07,4100,Wednesday,Working Day
2021-04-08,4657,Thursday,Working Day
2021-04-09,4326,Friday,Working Day
2021-04-10,3981,Saturday,Working Day
2021-04-11,1487,Sunday,Working Day
2021-04-12,4307,Monday,Working Day
2021-04-13,4052,Tuesday,Telugu New Year's Day
2021-04-14,2565,Wednesday,Tamil New Year's Day and Dr. B.R.Ambedkar's Birthday
2021-04-15,3769,Thursday,Working Day
2021-04-16,3803,Friday,Working Day
2021-04-17,3385,Saturday,Working Day
2021-04-18,1417,Sunday,Working Day
2021-04-19,4184,Monday,Working Day
2021-04-20,3742,Tuesday,Working Day
2021-04-21,3542,Wednesday,Working Day
2021-04-22,3418,Thursday,Working Day
2021-04-23,3267,Friday,Working Day
2021-04-24,2883,Saturday,Working Day
2021-04-25,1252,Sunday,Mahaveer Jayanthi
2021-04-26,3036,Monday,Working Day
2021-04-27,3274,Tuesday,Working Day
2021-04-28,3225,Wednesday,Working Day
2021-04-29,3268,Thursday,Working Day
2021-04-30,3074,Friday,Working Day
2021-05-01,2306,Saturday,May Day
2021-05-02,1253,Sunday,Working Day
2021-05-03,2602,Monday,Working Day
2021-05-04,2965,Tuesday,Working Day
2021-05-05,3124,Wednesday,Working Day
2021-05-06,2566,Thursday,Working Day
2021-05-07,2494,Friday,Working Day
2021-05-08,2476,Saturday,Working Day
2021-05-09,1313,Sunday,Working Day
2021-05-10,1777,Monday,Working Day
2021-05-11,1756,Tuesday,Working Day
2021-05-12,1766,Wednesday,Working Day
2021-05-13,1823,Thursday,Working Day
2021-05-14,1714,Friday,Ramzan (Idul Fitr)
2021-05-15,1700,Saturday,Working Day
2021-05-16,1263,Sunday,Working Day
2021-05-17,1817,Monday,Working Day
2021-05-18,1789,Tuesday,Working Day
2021-05-19,1740,Wednesday,Working Day
2021-05-20,1793,Thursday,Working Day
2021-05-21,1826,Friday,Working Day
2021-05-22,1886,Saturday,Working Day
2021-05-23,1334,Sunday,Working Day
2021-05-24,1823,Monday,Working Day
2021-05-25,1764,Tuesday,Working Day
2021-05-26,1777,Wednesday,Working Day
2021-05-27,1774,Thursday,Working Day
2021-05-28,1818,Friday,Working Day
2021-05-29,1841,Saturday,Working Day
2021-05-30,1307,Sunday,Working Day
2021-05-31,2055,Monday,Working Day
2021-06-01,1937,Tuesday,Working Day
2021-06-02,1966,Wednesday,Working Day
2021-06-03,1989,Thursday,Working Day
2021-06-04,1945,Friday,Working Day
2021-06-05,1937,Saturday,Working Day
2021-06-06,1303,Sunday,Working Day
2021-06-07,2293,Monday,Working Day
2021-06-08,2306,Tuesday,Working Day
2021-06-09,2228,Wednesday,Working Day
2021-06-10,2260,Thursday,Working Day
2021-06-11,2287,Friday,Working Day
2021-06-12,2342,Saturday,Working Day
2021-06-13,1290,Sunday,Working Day
2021-06-14,2434,Monday,Working Day
2021-06-15,2465,Tuesday,Working Day
2021-06-16,2350,Wednesday,Working Day
2021-06-17,2522,Thursday,Working Day
2021-06-18,2429,Friday,Working Day
2021-06-19,2430,Saturday,Working Day
2021-06-20,1306,Sunday,Working Day
2021-06-21,2717,Monday,Working Day
2021-06-22,2720,Tuesday,Working Day
2021-06-23,2491,Wednesday,Working Day
2021-06-24,2635,Thursday,Working Day
2021-06-25,2723,Friday,Working Day
2021-06-26,2688,Saturday,Working Day
2021-06-27,1296,Sunday,Working Day
2021-06-28,3226,Monday,Working Day
2021-06-29,3575,Tuesday,Working Day
2021-06-30,3527,Wednesday,Working Day
2021-07-01,3526,Thursday,Working Day
2021-07-02,3369,Friday,Working Day
2021-07-03,3457,Saturday,Working Day
2021-07-04,1367,Sunday,Working Day
2021-07-05,4081,Monday,Working Day
2021-07-06,4186,Tuesday,Working Day
2021-07-07,3974,Wednesday,Working Day
2021-07-08,4133,Thursday,Working Day
2021-07-09,3678,Friday,Working Day
2021-07-10,3902,Saturday,Working Day
2021-07-11,1437,Sunday,Working Day
2021-07-12,4453,Monday,Working Day
2021-07-13,4383,Tuesday,Working Day
2021-07-14,4053,Wednesday,Working Day
2021-07-15,4108,Thursday,Working Day
2021-07-16,3652,Friday,Working Day
2021-07-17,3543,Saturday,Working Day
2021-07-18,1408,Sunday,Working Day
2021-07-19,4598,Monday,Working Day
2021-07-20,4286,Tuesday,Working Day
2021-07-21,4560,Wednesday,Bakrid (Idul Azha)
2021-07-22,4245,Thursday,Working Day
2021-07-23,3915,Friday,Working Day
2021-07-24,4066,Saturday,Working Day
2021-07-25,1438,Sunday,Working Day
2021-07-26,4690,Monday,Working Day
2021-07-27,4591,Tuesday,Working Day
2021-07-28,4301,Wednesday,Working Day
2021-07-29,4364,Thursday,Working Day
2021-07-30,3909,Friday,Working Day
2021-07-31,3837,Saturday,Working Day
2021-08-01,1538,Sunday,Working Day
2021-08-02,4298,Monday,Working Day
2021-08-03,3394,Tuesday,Working Day
2021-08-04,4504,Wednesday,Working Day
2021-08-05,4806,Thursday,Working Day
2021-08-06,4397,Friday,Working Day
2021-08-07,4118,Saturday,Working Day
2021-08-08,1567,Sunday,Working Day
2021-08-09,4563,Monday,Working Day
2021-08-10,4554,Tuesday,Working Day
2021-08-11,4253,Wednesday,Working Day
2021-08-12,4373,Thursday,Working Day
2021-08-13,3909,Friday,Working Day
2021-08-14,4103,Saturday,Working Day
2021-08-15,1581,Sunday,Independence Day
2021-08-16,4515,Monday,Working Day
2021-08-17,4231,Tuesday,Working Day
2021-08-18,3920,Wednesday,Working Day
2021-08-19,3732,Thursday,Working Day
2021-08-20,3410,Friday,Muharram
2021-08-21,3729,Saturday,Working Day
2021-08-22,1543,Sunday,Working Day
2021-08-23,4627,Monday,Working Day
2021-08-24,4358,Tuesday,Working Day
2021-08-25,4131,Wednesday,Working Day
2021-08-26,4036,Thursday,Working Day
2021-08-27,3912,Friday,Working Day
2021-08-28,4275,Saturday,Working Day
2021-08-29,1626,Sunday,Working Day
2021-08-30,4788,Monday,Krishna Jayanthi
2021-08-31,4112,Tuesday,Working Day
2021-09-01,3612,Wednesday,Working Day
2021-09-02,4042,Thursday,Working Day
2021-09-03,3720,Friday,Working Day
2021-09-04,3797,Saturday,Working Day
2021-09-05,1623,Sunday,Working Day
2021-09-06,4031,Monday,Working Day
2021-09-07,3950,Tuesday,Working Day
2021-09-08,3326,Wednesday,Working Day
2021-09-09,3216,Thursday,Working Day
2021-09-10,3151,Friday,Vinayakar Chathurthi
2021-09-11,3878,Saturday,Working Day
2021-09-12,1650,Sunday,Working Day
2021-09-13,4579,Monday,Working Day
2021-09-14,4367,Tuesday,Working Day
2021-09-15,4023,Wednesday,Working Day
2021-09-16,3852,Thursday,Working Day
2021-09-17,3945,Friday,Working Day
2021-09-18,3986,Saturday,Working Day
2021-09-19,1625,Sunday,Working Day
2021-09-20,4609,Monday,Working Day
2021-09-21,4594,Tuesday,Working Day
2021-09-22,4381,Wednesday,Working Day
2021-09-23,4541,Thursday,Working Day
2021-09-24,4035,Friday,Working Day
2021-09-25,4035,Saturday,Working Day
2021-09-26,1725,Sunday,Working Day
2021-09-27,4408,Monday,Working Day
2021-09-28,4320,Tuesday,Working Day
2021-09-29,4223,Wednesday,Working Day
2021-09-30,4321,Thursday,Working Day
2021-10-01,3693,Friday,Working Day
2021-10-02,4417,Saturday,Gandhi Jayanthi
2021-10-03,1678,Sunday,Working Day
2021-10-04,4409,Monday,Working Day
2021-10-05,4105,Tuesday,Working Day
2021-10-06,3755,Wednesday,Working Day
2021-10-07,3889,Thursday,Working Day
2021-10-08,4067,Friday,Working Day
2021-10-09,3841,Saturday,Working Day
2021-10-10,1631,Sunday,Working Day
2021-10-11,4148,Monday,Working Day
2021-10-12,3869,Tuesday,Working Day
2021-10-13,3585,Wednesday,Working Day
2021-10-14,3087,Thursday,Ayutha Pooja
2021-10-15,3901,Friday,Vijaya Dasami
2021-10-16,3757,Saturday,Working Day
2021-10-17,1636,Sunday,Working Day
2021-10-18,4289,Monday,Working Day
2021-10-19,4501,Tuesday,Milad-un-Nabi
2021-10-20,3618,Wednesday,Working Day
2021-10-21,3682,Thursday,Working Day
2021-10-22,3523,Friday,Working Day
2021-10-23,3563,Saturday,Working Day
2021-10-24,1645,Sunday,Working Day
2021-10-25,3617,Monday,Working Day
2021-10-26,3503,Tuesday,Working Day
2021-10-27,3359,Wednesday,Working Day
2021-10-28,3379,Thursday,Working Day
2021-10-29,3079,Friday,Working Day
2021-10-30,2834,Saturday,Working Day
2021-10-31,1311,Sunday,Working Day
2021-11-01,2896,Monday,Working Day
2021-11-02,2425,Tuesday,Working Day
2021-11-03,1924,Wednesday,Working Day
2021-11-04,1371,Thursday,Deepavali
2021-11-05,3519,Friday,Working Day
2021-11-06,4066,Saturday,Working Day
2021-11-07,1334,Sunday,Working Day
2021-11-08,4104,Monday,Working Day
2021-11-09,3727,Tuesday,Working Day
2021-11-10,3053,Wednesday,Working Day
2021-11-11,3522,Thursday,Working Day
2021-11-12,3580,Friday,Working Day
2021-11-13,3678,Saturday,Working Day
2021-11-14,1491,Sunday,Working Day
2021-11-15,3732,Monday,Working Day
2021-11-16,3961,Tuesday,Working Day
2021-11-17,3667,Wednesday,Working Day
2021-11-18,3419,Thursday,Working Day
2021-11-19,2872,Friday,Working Day
2021-11-20,3572,Saturday,Working Day
2021-11-21,1581,Sunday,Working Day
2021-11-22,4368,Monday,Working Day
2021-11-23,4094,Tuesday,Working Day
2021-11-24,3927,Wednesday,Working Day
2021-11-25,3636,Thursday,Working Day
2021-11-26,3254,Friday,Working Day
2021-11-27,3633,Saturday,Working Day
2021-11-28,1637,Sunday,Working Day
2021-11-29,3819,Monday,Working Day
2021-11-30,3574,Tuesday,Working Day
2021-12-01,3652,Wednesday,Working Day
2021-12-02,3726,Thursday,Working Day
2021-12-03,3682,Friday,Working Day
2021-12-04,3508,Saturday,Working Day
2021-12-05,1620,Sunday,Working Day
2021-12-06,4048,Monday,Working Day
2021-12-07,4066,Tuesday,Working Day
2021-12-08,3872,Wednesday,Working Day
2021-12-09,3698,Thursday,Working Day
2021-12-10,3598,Friday,Working Day
2021-12-11,4209,Saturday,Working Day
2021-12-12,1704,Sunday,Working Day
2021-12-13,4257,Monday,Working Day
2021-12-14,4272,Tuesday,Working Day
2021-12-15,4336,Wednesday,Working Day
2021-12-16,4075,Thursday,Working Day
2021-12-17,3978,Friday,Working Day
2021-12-18,4035,Saturday,Working Day
2021-12-19,1633,Sunday,Working Day
2021-12-20,4517,Monday,Working Day
2021-12-21,4331,Tuesday,Working Day
2021-12-22,4207,Wednesday,Working Day
2021-12-23,4271,Thursday,Working Day
2021-12-24,3937,Friday,Working Day
2021-12-25,3968,Saturday,Christmas
2021-12-26,1629,Sunday,Working Day
2021-12-27,4855,Monday,Working Day
2021-12-28,4954,Tuesday,Working Day
2021-12-29,4849,Wednesday,Working Day
2021-12-30,4722,Thursday,Working Day
2021-12-31,3742,Friday,Working Day
2022-01-01,2064,Saturday,New Year's Day
2022-01-02,1618,Sunday,Working Day
2022-01-03,4010,Monday,Working Day
2022-01-04,3981,Tuesday,Working Day
2022-01-05,3914,Wednesday,Working Day
2022-01-06,4113,Thursday,Working Day
2022-01-07,3735,Friday,Working Day
2022-01-08,3657,Saturday,Working Day
2022-01-09,1277,Sunday,Working Day
2022-01-10,3572,Monday,Working Day
2022-01-11,3853,Tuesday,Working Day
2022-01-12,3064,Wednesday,Working Day
2022-01-13,2402,Thursday,Working Day
2022-01-14,1450,Friday,Pongal
2022-01-15,2566,Saturday,Thiruvalluvar Day
2022-01-16,1271,Sunday,Uzhavar Thirunal
2022-01-17,4137,Monday,Working Day
2022-01-18,4358,Tuesday,Thai Poosam
2022-01-19,3840,Wednesday,Working Day
2022-01-20,3920,Thursday,Working Day
2022-01-21,3628,Friday,Working Day
2022-01-22,3495,Saturday,Working Day
2022-01-23,1271,Sunday,Working Day
2022-01-24,3906,Monday,Working Day
2022-01-25,3844,Tuesday,Working Day
2022-01-26,3951,Wednesday,Republic Day
2022-01-27,3634,Thursday,Working Day
2022-01-28,3635,Friday,Working Day
2022-01-29,3599,Saturday,Working Day
2022-01-30,1329,Sunday,Working Day
2022-01-31,3762,Monday,Working Day
2022-02-01,3509,Tuesday,Working Day
2022-02-02,3644,Wednesday,Working Day
2022-02-03,3786,Thursday,Working Day
2022-02-04,3555,Friday,Working Day
2022-02-05,3648,Saturday,Working Day
2022-02-06,1396,Sunday,Working Day
2022-02-07,4002,Monday,Working Day
2022-02-08,4111,Tuesday,Working Day
2022-02-09,3797,Wednesday,Working Day
2022-02-10,3814,Thursday,Working Day
2022-02-11,3388,Friday,Working Day
2022-02-12,3952,Saturday,Working Day
2022-02-13,1742,Sunday,Working Day
2022-02-14,3923,Monday,Working Day
2022-02-15,4231,Tuesday,Working Day
2022-02-16,3862,Wednesday,Working Day
2022-02-17,3841,Thursday,Working Day
2022-02-18,3999,Friday,Working Day
2022-02-19,3952,Saturday,Working Day
2022-02-20,1484,Sunday,Working Day
2022-02-21,4825,Monday,Working Day
2022-02-22,4167,Tuesday,Working Day
2022-02-23,4431,Wednesday,Working Day
2022-02-24,4421,Thursday,Working Day
2022-02-25,4116,Friday,Working Day
2022-02-26,4311,Saturday,Working Day
2022-02-27,1706,Sunday,Working Day
2022-02-28,4444,Monday,Working Day
2022-03-01,3658,Tuesday,Working Day
2022-03-02,3973,Wednesday,Working Day
2022-03-03,4380,Thursday,Working Day
2022-03-04,4067,Friday,Working Day
2022-03-05,4242,Saturday,Working Day
2022-03-06,1906,Sunday,Working Day
2022-03-07,4792,Monday,Working Day
2022-03-08,4957,Tuesday,Working Day
2022-03-09,4909,Wednesday,Working Day
2022-03-10,4538,Thursday,Working Day
2022-03-11,4481,Friday,Working Day
2022-03-12,4560,Saturday,Working Day
2022-03-13,1796,Sunday,Working Day
2022-03-14,4498,Monday,Working Day
2022-03-15,4874,Tuesday,Working Day
2022-03-16,4601,Wednesday,Working Day
2022-03-17,4429,Thursday,Working Day
2022-03-18,4046,Friday,Working Day
2022-03-19,4540,Saturday,Working Day
2022-03-20,1824,Sunday,Working Day
2022-03-21,4605,Monday,Working Day
2022-03-22,5059,Tuesday,Working Day
2022-03-23,4920,Wednesday,Working Day
2022-03-24,4955,Thursday,Working Day
2022-03-25,4421,Friday,Working Day
2022-03-26,4326,Saturday,Working Day
2022-03-27,1891,Sunday,Working Day
2022-03-28,4207,Monday,Working Day
2022-03-29,3895,Tuesday,Working Day
2022-03-30,4451,Wednesday,Working Day
2022-03-31,4420,Thursday,Working Day
2022-04-01,4057,Friday,*Annual closing of Accounts for Commercial Banks & Co-operative Banks
2022-04-02,4690,Saturday,Telugu New Year's Day
2022-04-03,1783,Sunday,Working Day
2022-04-04,4375,Monday,Working Day
2022-04-05,4327,Tuesday,Working Day
2022-04-06,3999,Wednesday,Working Day
2022-04-07,4462,Thursday,Working Day
2022-04-08,4134,Friday,Working Day
2022-04-09,4390,Saturday,Working Day
2022-04-10,1742,Sunday,Working Day
2022-04-11,4442,Monday,Working Day
2022-04-12,4080,Tuesday,Working Day
2022-04-13,3959,Wednesday,Working Day
2022-04-14,2942,Thursday,Tamil New Year's Day / Dr. B.R. Ambedkar's Birthday / Mahaveer Jayanthi
2022-04-15,3984,Friday,Good Friday
2022-04-16,2730,Saturday,Working Day
2022-04-17,1545,Sunday,Working Day
2022-04-18,4645,Monday,Working Day
2022-04-19,4833,Tuesday,Working Day
2022-04-20,4714,Wednesday,Working Day
2022-04-21,4614,Thursday,Working Day
2022-04-22,4287,Friday,Working Day
2022-04-23,4184,Saturday,Working Day
2022-04-24,1956,Sunday,Working Day
2022-04-25,4606,Monday,Working Day
2022-04-26,4722,Tuesday,Working Day
2022-04-27,4768,Wednesday,Working Day
2022-04-28,4364,Thursday,Working Day
2022-04-29,3839,Friday,Working Day
2022-04-30,3702,Saturday,Working Day
2022-05-01,1751,Sunday,May Day
2022-05-02,4331,Monday,Working Day
2022-05-03,4389,Tuesday,Ramzan (Idul Fitr)
2022-05-04,4334,Wednesday,Working Day
2022-05-05,4694,Thursday,Working Day
2022-05-06,4350,Friday,Working Day
2022-05-07,4223,Saturday,Working Day
2022-05-08,1878,Sunday,Working Day
2022-05-09,4615,Monday,Working Day
2022-05-10,4555,Tuesday,Working Day
2022-05-11,4544,Wednesday,Working Day
2022-05-12,4377,Thursday,Working Day
2022-05-13,3960,Friday,Working Day
2022-05-14,4360,Saturday,Working Day
2022-05-15,1724,Sunday,Working Day
2022-05-16,4843,Monday,Working Day
2022-05-17,4829,Tuesday,Working Day
2022-05-18,4845,Wednesday,Working Day
2022-05-19,4744,Thursday,Working Day
2022-05-20,4368,Friday,Working Day
2022-05-21,4372,Saturday,Working Day
2022-05-22,1818,Sunday,Working Day
2022-05-23,5125,Monday,Working Day
2022-05-24,4919,Tuesday,Working Day
2022-05-25,4760,Wednesday,Working Day
2022-05-26,4853,Thursday,Working Day
2022-05-27,4511,Friday,Working Day
2022-05-28,4361,Saturday,Working Day
2022-05-29,1948,Sunday,Working Day
2022-05-30,4561,Monday,Working Day
2022-05-31,4240,Tuesday,Working Day
2022-06-01,3947,Wednesday,Working Day
2022-06-02,4516,Thursday,Working Day
2022-06-03,3900,Friday,Working Day
2022-06-04,4067,Saturday,Working Day
2022-06-05,1550,Sunday,Working Day
2022-06-06,5059,Monday,Working Day
2022-06-07,4899,Tuesday,Working Day
2022-06-08,4620,Wednesday,Working Day
2022-06-09,4198,Thursday,Working Day
2022-06-10,4109,Friday,Working Day
2022-06-11,4445,Saturday,Working Day
2022-06-12,1902,Sunday,Working Day
2022-06-13,4134,Monday,Working Day
2022-06-14,4767,Tuesday,Working Day
2022-06-15,4804,Wednesday,Working Day
2022-06-16,4879,Thursday,Working Day
2022-06-17,4426,Friday,Working Day
2022-06-18,4763,Saturday,Working Day
2022-06-19,1861,Sunday,Working Day
2022-06-20,4940,Monday,Working Day
2022-06-21,4931,Tuesday,Working Day
2022-06-22,4813,Wednesday,Working Day
2022-06-23,4799,Thursday,Working Day
2022-06-24,4585,Friday,Working Day
2022-06-25,4948,Saturday,Working Day
2022-06-26,1871,Sunday,Working Day
2022-06-27,4679,Monday,Working Day
2022-06-28,4676,Tuesday,Working Day
2022-06-29,4667,Wednesday,Working Day
2022-06-30,4649,Thursday,Working Day
2022-07-01,4344,Friday,Working Day
2022-07-02,4815,Saturday,Working Day
2022-07-03,1911,Sunday,Working Day
2022-07-04,4938,Monday,Working Day
2022-07-05,4752,Tuesday,Working Day
2022-07-06,4835,Wednesday,Working Day
2022-07-07,4736,Thursday,Working Day
2022-07-08,4496,Friday,Working Day
2022-07-09,5079,Saturday,Working Day
2022-07-10,1591,Sunday,Bakrid (Idul Azha)
2022-07-11,4693,Monday,Working Day
2022-07-12,4844,Tuesday,Working Day
2022-07-13,4598,Wednesday,Working Day
2022-07-14,4761,Thursday,Working Day
2022-07-15,4468,Friday,Working Day
2022-07-16,4665,Saturday,Working Day
2022-07-17,1893,Sunday,Working Day
2022-07-18,4856,Monday,Working Day
2022-07-19,4990,Tuesday,Working Day
2022-07-20,4926,Wednesday,Working Day
2022-07-21,4724,Thursday,Working Day
2022-07-22,4241,Friday,Working Day
2022-07-23,4714,Saturday,Working Day
2022-07-24,1960,Sunday,Working Day
2022-07-25,4837,Monday,Working Day
2022-07-26,4792,Tuesday,Working Day
2022-07-27,4609,Wednesday,Working Day
2022-07-28,3814,Thursday,Working Day
2022-07-29,4057,Friday,Working Day
2022-07-30,4649,Saturday,Working Day
2022-07-31,1679,Sunday,Working Day
2022-08-01,4570,Monday,Working Day
2022-08-02,4295,Tuesday,Working Day
2022-08-03,3324,Wednesday,Working Day
2022-08-04,4061,Thursday,Working Day
2022-08-05,3551,Friday,Working Day
2022-08-06,4030,Saturday,Working Day
2022-08-07,1574,Sunday,Working Day
2022-08-08,4823,Monday,Working Day
2022-08-09,5488,Tuesday,Muharram
2022-08-10,4369,Wednesday,Working Day
2022-08-11,4396,Thursday,Working Day
2022-08-12,4022,Friday,Working Day
2022-08-13,4774,Saturday,Working Day
2022-08-14,1799,Sunday,Working Day
2022-08-15,4417,Monday,Independence Day
2022-08-16,4562,Tuesday,Working Day
2022-08-17,4484,Wednesday,Working Day
2022-08-18,4612,Thursday,Working Day
2022-08-19,4655,Friday,Krishna Jayanthi
2022-08-20,4365,Saturday,Working Day
2022-08-21,1838,Sunday,Working Day
2022-08-22,4358,Monday,Working Day
2022-08-23,4606,Tuesday,Working Day
2022-08-24,4234,Wednesday,Working Day
2022-08-25,4460,Thursday,Working Day
2022-08-26,3962,Friday,Working Day
2022-08-27,4383,Saturday,Working Day
2022-08-28,1747,Sunday,Working Day
2022-08-29,3932,Monday,Working Day
2022-08-30,3974,Tuesday,Working Day
2022-08-31,3332,Wednesday,Vinayakar Chathurthi
2022-09-01,3573,Thursday,Working Day
2022-09-02,3682,Friday,Working Day
2022-09-03,4199,Saturday,Working Day
2022-09-04,1769,Sunday,Working Day
2022-09-05,4321,Monday,Working Day
2022-09-06,4135,Tuesday,Working Day
2022-09-07,3590,Wednesday,Working Day
2022-09-08,3673,Thursday,Working Day
2022-09-09,3831,Friday,Working Day
2022-09-10,4468,Saturday,Working Day
2022-09-11,1765,Sunday,Working Day
2022-09-12,4474,Monday,Working Day
2022-09-13,4745,Tuesday,Working Day
2022-09-14,4432,Wednesday,Working Day
2022-09-15,4484,Thursday,Working Day
2022-09-16,4149,Friday,Working Day
2022-09-17,4542,Saturday,Working Day
2022-09-18,1873,Sunday,Working Day
2022-09-19,4854,Monday,Working Day
2022-09-20,4787,Tuesday,Working Day
2022-09-21,4635,Wednesday,Working Day
2022-09-22,4560,Thursday,Working Day
2022-09-23,3958,Friday,Working Day
2022-09-24,4240,Saturday,Working Day
2022-09-25,1788,Sunday,Working Day
2022-09-26,4269,Monday,Working Day
2022-09-27,4262,Tuesday,Working Day
2022-09-28,4238,Wednesday,Working Day
2022-09-29,4150,Thursday,Working Day
2022-09-30,3775,Friday,Working Day
2022-10-01,4334,Saturday,Working Day
2022-10-02,1902,Sunday,Gandhi Jayanthi
2022-10-03,5363,Monday,Working Day
2022-10-04,3558,Tuesday,Ayutha Pooja
2022-10-05,4465,Wednesday,Vijaya Dasami
2022-10-06,4937,Thursday,Working Day
2022-10-07,4842,Friday,Working Day
2022-10-08,4507,Saturday,Working Day
2022-10-09,1588,Sunday,Milad-un-Nabi
2022-10-10,4270,Monday,Working Day
2022-10-11,4195,Tuesday,Working Day
2022-10-12,4111,Wednesday,Working Day
2022-10-13,3993,Thursday,Working Day
2022-10-14,3788,Friday,Working Day
2022-10-15,4072,Saturday,Working Day
2022-10-16,1525,Sunday,Working Day
2022-10-17,4153,Monday,Working Day
2022-10-18,3721,Tuesday,Working Day
2022-10-19,3374,Wednesday,Working Day
2022-10-20,3190,Thursday,Working Day
2022-10-21,2859,Friday,Working Day
2022-10-22,2932,Saturday,Working Day
2022-10-23,1340,Sunday,Working Day
2022-10-24,1423,Monday,Deepavali
2022-10-25,3772,Tuesday,Working Day
2022-10-26,4504,Wednesday,Working Day
2022-10-27,4612,Thursday,Working Day
2022-10-28,4201,Friday,Working Day
2022-10-29,4400,Saturday,Working Day
2022-10-30,1765,Sunday,Working Day
2022-10-31,4670,Monday,Working Day
2022-11-01,4660,Tuesday,Working Day
2022-11-02,4664,Wednesday,Working Day
2022-11-03,4653,Thursday,Working Day
2022-11-04,4159,Friday,Working Day
2022-11-05,4714,Saturday,Working Day
2022-11-06,1728,Sunday,Working Day
2022-11-07,4459,Monday,Working Day
2022-11-08,4548,Tuesday,Working Day
2022-11-09,4391,Wednesday,Working Day
2022-11-10,4307,Thursday,Working Day
2022-11-11,4027,Friday,Working Day
2022-11-12,4259,Saturday,Working Day
2022-11-13,1804,Sunday,Working Day
2022-11-14,4406,Monday,Working Day
2022-11-15,4398,Tuesday,Working Day
2022-11-16,4297,Wednesday,Working Day
2022-11-17,4086,Thursday,Working Day
2022-11-18,4150,Friday,Working Day
2022-11-19,4645,Saturday,Working Day
2022-11-20,1675,Sunday,Working Day
2022-11-21,4599,Monday,Working Day
2022-11-22,4514,Tuesday,Working Day
2022-11-23,4295,Wednesday,Working Day
2022-11-24,4192,Thursday,Working Day
2022-11-25,4093,Friday,Working Day
2022-11-26,4782,Saturday,Working Day
2022-11-27,1765,Sunday,Working Day
2022-11-28,4640,Monday,Working Day
2022-11-29,4448,Tuesday,Working Day
2022-11-30,4302,Wednesday,Working Day
2022-12-01,3982,Thursday,Working Day
2022-12-02,3856,Friday,Working Day
2022-12-03,4135,Saturday,Working Day
2022-12-04,1598,Sunday,Working Day
2022-12-05,4008,Monday,Working Day
2022-12-06,3367,Tuesday,Working Day
2022-12-07,4003,Wednesday,Working Day
2022-12-08,4350,Thursday,Working Day
2022-12-09,3794,Friday,Working Day
2022-12-10,4234,Saturday,Working Day
2022-12-11,1340,Sunday,Working Day
2022-12-12,4360,Monday,Working Day
2022-12-13,4290,Tuesday,Working Day
2022-12-14,4187,Wednesday,Working Day
2022-12-15,4183,Thursday,Working Day
2022-12-16,3817,Friday,Working Day
2022-12-17,4327,Saturday,Working Day
2022-12-18,1709,Sunday,Working Day
2022-12-19,4469,Monday,Working Day
2022-12-20,4420,Tuesday,Working Day
2022-12-21,4132,Wednesday,Working Day
2022-12-22,4083,Thursday,Working Day
2022-12-23,3630,Friday,Working Day
2022-12-24,4365,Saturday,Working Day
2022-12-25,1931,Sunday,Christmas
2022-12-26,5068,Monday,Working Day
2022-12-27,5132,Tuesday,Working Day
2022-12-28,5118,Wednesday,Working Day
2022-12-29,5085,Thursday,Working Day
2022-12-30,4595,Friday,Working Day
2022-12-31,3935,Saturday,Working Day
2023-01-01,1376,Sunday,New Year's Day
2023-01-02,3850,Monday,Working Day
2023-01-03,3965,Tuesday,Working Day
2023-01-04,3804,Wednesday,Working Day
2023-01-05,3894,Thursday,Working Day
2023-01-06,3814,Friday,Working Day
2023-01-07,4048,Saturday,Working Day
2023-01-08,1490,Sunday,Working Day
2023-01-09,4025,Monday,Working Day
2023-01-10,3908,Tuesday,Working Day
2023-01-11,3533,Wednesday,Working Day
2023-01-12,3300,Thursday,Working Day
2023-01-13,2797,Friday,Working Day
2023-01-14,2554,Saturday,Working Day
2023-01-15,1283,Sunday,Pongal
2023-01-16,3070,Monday,Thiruvalluvar Day
2023-01-17,3909,Tuesday,Uzhavar Thirunal
2023-01-18,4232,Wednesday,Working Day
2023-01-19,4391,Thursday,Working Day
2023-01-20,4179,Friday,Working Day
2023-01-21,4242,Saturday,Working Day
2023-01-22,1638,Sunday,Working Day
2023-01-23,4526,Monday,Working Day
2023-01-24,4551,Tuesday,Working Day
2023-01-25,4344,Wednesday,Working Day
2023-01-26,4642,Thursday,Republic Day
2023-01-27,3987,Friday,Working Day
2023-01-28,4551,Saturday,Working Day
2023-01-29,1753,Sunday,Working Day
2023-01-30,4415,Monday,Working Day
2023-01-31,4139,Tuesday,Working Day
2023-02-01,3791,Wednesday,Working Day
2023-02-02,3942,Thursday,Working Day
2023-02-03,3455,Friday,Working Day
2023-02-04,4044,Saturday,Working Day
2023-02-05,1678,Sunday,Thai Poosam
2023-02-06,4406,Monday,Working Day
2023-02-07,4386,Tuesday,Working Day
2023-02-08,4287,Wednesday,Working Day
2023-02-09,4267,Thursday,Working Day
2023-02-10,3971,Friday,Working Day
2023-02-11,4638,Saturday,Working Day
2023-02-12,1785,Sunday,Working Day
2023-02-13,4518,Monday,Working Day
2023-02-14,4544,Tuesday,Working Day
2023-02-15,4590,Wednesday,Working Day
2023-02-16,4141,Thursday,Working Day
2023-02-17,3653,Friday,Working Day
2023-02-18,3886,Saturday,Working Day
2023-02-19,1437,Sunday,Working Day
2023-02-20,4293,Monday,Working Day
2023-02-21,4219,Tuesday,Working Day
2023-02-22,4117,Wednesday,Working Day
2023-02-23,4077,Thursday,Working Day
2023-02-24,3996,Friday,Working Day
2023-02-25,4386,Saturday,Working Day
2023-02-26,1862,Sunday,Working Day
2023-02-27,4606,Monday,Working Day
2023-02-28,4641,Tuesday,Working Day
2023-03-01,4493,Wednesday,Working Day
2023-03-02,4406,Thursday,Working Day
2023-03-03,3853,Friday,Working Day
2023-03-04,4236,Saturday,Working Day
2023-03-05,1823,Sunday,Working Day
2023-03-06,4563,Monday,Working Day
2023-03-07,4464,Tuesday,Working Day
2023-03-08,4512,Wednesday,Working Day
2023-03-09,4571,Thursday,Working Day
2023-03-10,4273,Friday,Working Day
2023-03-11,4967,Saturday,Working Day
2023-03-12,1843,Sunday,Working Day
2023-03-13,5152,Monday,Working Day
2023-03-14,4762,Tuesday,Working Day
2023-03-15,4862,Wednesday,Working Day
2023-03-16,4885,Thursday,Working Day
2023-03-17,4408,Friday,Working Day
2023-03-18,4704,Saturday,Working Day
2023-03-19,1747,Sunday,Working Day
2023-03-20,4835,Monday,Working Day
2023-03-21,4448,Tuesday,Working Day
2023-03-22,5207,Wednesday,Telugu New Year's 1  Day
2023-03-23,4323,Thursday,Working Day
2023-03-24,3857,Friday,Working Day
2023-03-25,4163,Saturday,Working Day
2023-03-26,1797,Sunday,Working Day
2023-03-27,4186,Monday,Working Day
2023-03-28,4308,Tuesday,Working Day
2023-03-29,4315,Wednesday,Working Day
2023-03-30,4089,Thursday,Working Day
2023-03-31,3780,Friday,Working Day
2023-04-01,3994,Saturday,*Annual closing of Accounts for Commercial Banks & Co-operative Banks
2023-04-02,1840,Sunday,Working Day
2023-04-03,4368,Monday,Working Day
2023-04-04,4621,Tuesday,Mahaveer Jayanthi
2023-04-05,3745,Wednesday,Working Day
2023-04-06,4072,Thursday,Working Day
2023-04-07,4793,Friday,Good Friday
2023-04-08,4121,Saturday,Working Day
2023-04-09,1719,Sunday,Working Day
2023-04-10,4391,Monday,Working Day
2023-04-11,4537,Tuesday,Working Day
2023-04-12,4419,Wednesday,Working Day
2023-04-13,3895,Thursday,Working Day
2023-04-14,3029,Friday,Tamil New Year's Day / Dr. B.R. Ambedkar's Birthday
2023-04-15,4087,Saturday,Working Day
2023-04-16,1637,Sunday,Working Day
2023-04-17,4774,Monday,Working Day
2023-04-18,4563,Tuesday,Working Day
2023-04-19,4066,Wednesday,Working Day
2023-04-20,4328,Thursday,Working Day
2023-04-21,3986,Friday,Working Day
2023-04-22,4228,Saturday,Ramzan 2  (Idul Fitr)
2023-04-23,1481,Sunday,Working Day
2023-04-24,4607,Monday,Working Day
2023-04-25,4721,Tuesday,Working Day
2023-04-26,4370,Wednesday,Working Day
2023-04-27,4372,Thursday,Working Day
2023-04-28,4335,Friday,Working Day
2023-04-29,4336,Saturday,Working Day
2023-04-30,1733,Sunday,Working Day
2023-05-01,5350,Monday,May Day
2023-05-02,4425,Tuesday,Working Day
2023-05-03,4812,Wednesday,Working Day
2023-05-04,4154,Thursday,Working Day
2023-05-05,3012,Friday,Working Day
2023-05-06,4196,Saturday,Working Day
2023-05-07,1879,Sunday,Working Day
2023-05-08,5762,Monday,Working Day
2023-05-09,5454,Tuesday,Working Day
2023-05-10,5064,Wednesday,Working Day
2023-05-11,4618,Thursday,Working Day
2023-05-12,4087,Friday,Working Day
2023-05-13,4043,Saturday,Working Day
2023-05-14,1710,Sunday,Working Day
2023-05-15,5154,Monday,Working Day
2023-05-16,5674,Tuesday,Working Day
2023-05-17,5854,Wednesday,Working Day
2023-05-18,5657,Thursday,Working Day
2023-05-19,4922,Friday,Working Day
2023-05-20,4649,Saturday,Working Day
2023-05-21,1786,Sunday,Working Day
2023-05-22,4816,Monday,Working Day
2023-05-23,5001,Tuesday,Working Day
2023-05-24,4557,Wednesday,Working Day
2023-05-25,4825,Thursday,Working Day
2023-05-26,5014,Friday,Working Day
2023-05-27,4561,Saturday,Working Day
2023-05-28,1821,Sunday,Working Day
2023-05-29,5183,Monday,Working Day
2023-05-30,4980,Tuesday,Working Day
2023-05-31,4583,Wednesday,Working Day
2023-06-01,4000,Thursday,Working Day
2023-06-02,4348,Friday,Working Day
2023-06-03,4494,Saturday,Working Day
2023-06-04,1481,Sunday,Working Day
2023-06-05,5367,Monday,Working Day
2023-06-06,5006,Tuesday,Working Day
2023-06-07,4541,Wednesday,Working Day
2023-06-08,4738,Thursday,Working Day
2023-06-09,4810,Friday,Working Day
2023-06-10,4876,Saturday,Working Day
2023-06-11,1974,Sunday,Working Day
2023-06-12,4974,Monday,Working Day
2023-06-13,5062,Tuesday,Working Day
2023-06-14,4575,Wednesday,Working Day
2023-06-15,4684,Thursday,Working Day
2023-06-16,4309,Friday,Working Day
2023-06-17,4458,Saturday,Working Day
2023-06-18,1858,Sunday,Working Day
2023-06-19,4806,Monday,Working Day
2023-06-20,5126,Tuesday,Working Day
2023-06-21,4871,Wednesday,Working Day
2023-06-22,4934,Thursday,Working Day
2023-06-23,4402,Friday,Working Day
2023-06-24,5024,Saturday,Working Day
2023-06-25,1721,Sunday,Working Day
2023-06-26,4681,Monday,Working Day
2023-06-27,4437,Tuesday,Working Day
2023-06-28,3945,Wednesday,Working Day
2023-06-29,4914,Thursday,Bakrid (Idul Azha)
2023-06-30,4350,Friday,Working Day
2023-07-01,4466,Saturday,Working Day
2023-07-02,1841,Sunday,Working Day
2023-07-03,4946,Monday,Working Day
2023-07-04,4849,Tuesday,Working Day
2023-07-05,4873,Wednesday,Working Day
2023-07-06,4757,Thursday,Working Day
2023-07-07,4685,Friday,Working Day
2023-07-08,5309,Saturday,Working Day
2023-07-09,1830,Sunday,Working Day
2023-07-10,5050,Monday,Working Day
2023-07-11,5016,Tuesday,Working Day
2023-07-12,5079,Wednesday,Working Day
2023-07-13,4872,Thursday,Working Day
2023-07-14,4555,Friday,Working Day
2023-07-15,4707,Saturday,Working Day
2023-07-16,1839,Sunday,Working Day
2023-07-17,4387,Monday,Working Day
2023-07-18,4844,Tuesday,Working Day
2023-07-19,4994,Wednesday,Working Day
2023-07-20,4959,Thursday,Working Day
2023-07-21,4406,Friday,Working Day
2023-07-22,4955,Saturday,Working Day
2023-07-23,1899,Sunday,Working Day
2023-07-24,4764,Monday,Working Day
2023-07-25,4463,Tuesday,Working Day
2023-07-26,4628,Wednesday,Working Day
2023-07-27,4528,Thursday,Working Day
2023-07-28,4348,Friday,Working Day
2023-07-29,5207,Saturday,Muharram
2023-07-30,1757,Sunday,Working Day
2023-07-31,4445,Monday,Working Day
2023-08-01,4347,Tuesday,Working Day
2023-08-02,3984,Wednesday,Working Day
2023-08-03,3299,Thursday,Working Day
2023-08-04,3924,Friday,Working Day
2023-08-05,4569,Saturday,Working Day
2023-08-06,1487,Sunday,Working Day
2023-08-07,4862,Monday,Working Day
2023-08-08,4705,Tuesday,Working Day
2023-08-09,4623,Wednesday,Working Day
2023-08-10,4532,Thursday,Working Day
2023-08-11,4091,Friday,Working Day
2023-08-12,4742,Saturday,Working Day
2023-08-13,1782,Sunday,Working Day
2023-08-14,4924,Monday,Working Day
2023-08-15,4585,Tuesday,Independence Day
2023-08-16,4158,Wednesday,Working Day
2023-08-17,4206,Thursday,Working Day
2023-08-18,4040,Friday,Working Day
2023-08-19,4175,Saturday,Working Day
2023-08-20,1712,Sunday,Working Day
2023-08-21,4131,Monday,Working Day
2023-08-22,4826,Tuesday,Working Day
2023-08-23,4439,Wednesday,Working Day
2023-08-24,4450,Thursday,Working Day
2023-08-25,4047,Friday,Working Day
2023-08-26,4621,Saturday,Working Day
2023-08-27,1808,Sunday,Working Day
2023-08-28,4837,Monday,Working Day
2023-08-29,4569,Tuesday,Working Day
2023-08-30,4364,Wednesday,Working Day
2023-08-31,4258,Thursday,Working Day
2023-09-01,4144,Friday,Working Day
2023-09-02,4443,Saturday,Working Day
2023-09-03,1890,Sunday,Working Day
2023-09-04,4696,Monday,Working Day
2023-09-05,4730,Tuesday,Working Day
2023-09-06,5317,Wednesday,Krishna Jayanthi 3
2023-09-07,4315,Thursday,Working Day
2023-09-08,4251,Friday,Working Day
2023-09-09,4582,Saturday,Working Day
2023-09-10,1809,Sunday,Working Day
2023-09-11,4425,Monday,Working Day
2023-09-12,4739,Tuesday,Working Day
2023-09-13,4549,Wednesday,Working Day
2023-09-14,4124,Thursday,Working Day
2023-09-15,3933,Friday,Working Day
2023-09-16,4218,Saturday,Working Day
2023-09-17,1688,Sunday,Vinayakar Chathurthi
2023-09-18,3817,Monday,Working Day
2023-09-19,4307,Tuesday,Working Day
2023-09-20,4311,Wednesday,Working Day
2023-09-21,4431,Thursday,Working Day
2023-09-22,4294,Friday,Working Day
2023-09-23,4409,Saturday,Working Day
2023-09-24,1856,Sunday,Working Day
2023-09-25,4843,Monday,Working Day
2023-09-26,4517,Tuesday,Working Day
2023-09-27,4374,Wednesday,Working Day
2023-09-28,5975,Thursday,Milad-un-Nabi
2023-09-29,5166,Friday,Working Day
2023-09-30,4849,Saturday,Working Day
2023-10-01,1844,Sunday,Working Day
2023-10-02,5601,Monday,Gandhi Jayanthi
2023-10-03,4579,Tuesday,Working Day
2023-10-04,4485,Wednesday,Working Day
2023-10-05,4426,Thursday,Working Day
2023-10-06,3917,Friday,Working Day
2023-10-07,4262,Saturday,Working Day
2023-10-08,1710,Sunday,Working Day
2023-10-09,4489,Monday,Working Day
2023-10-10,4535,Tuesday,Working Day
2023-10-11,4588,Wednesday,Working Day
2023-10-12,4448,Thursday,Working Day
2023-10-13,4124,Friday,Working Day
2023-10-14,4232,Saturday,Working Day
2023-10-15,1621,Sunday,Working Day
2023-10-16,4538,Monday,Working Day
2023-10-17,4410,Tuesday,Working Day
2023-10-18,3998,Wednesday,Working Day
2023-10-19,3999,Thursday,Working Day
2023-10-20,3664,Friday,Working Day
2023-10-21,4157,Saturday,Working Day
2023-10-22,1562,Sunday,Working Day
2023-10-23,3753,Monday,Ayutha Pooja
2023-10-24,4104,Tuesday,Vijaya Dasami
2023-10-25,3856,Wednesday,Working Day
2023-10-26,4093,Thursday,Working Day
2023-10-27,3767,Friday,Working Day
2023-10-28,4167,Saturday,Working Day
2023-10-29,1596,Sunday,Working Day
2023-10-30,3467,Monday,Working Day
2023-10-31,4007,Tuesday,Working Day
2023-11-01,3604,Wednesday,Working Day
2023-11-02,3787,Thursday,Working Day
2023-11-03,3631,Friday,Working Day
2023-11-04,3724,Saturday,Working Day
2023-11-05,1422,Sunday,Working Day
2023-11-06,3845,Monday,Working Day
2023-11-07,3518,Tuesday,Working Day
2023-11-08,3161,Wednesday,Working Day
2023-11-09,2945,Thursday,Working Day
2023-11-10,2548,Friday,Working Day
2023-11-11,2148,Saturday,Working Day
2023-11-12,1396,Sunday,Deepavali
2023-11-13,3470,Monday,Working Day
2023-11-14,4154,Tuesday,Working Day
2023-11-15,4438,Wednesday,Working Day
2023-11-16,4365,Thursday,Working Day
2023-11-17,4449,Friday,Working Day
2023-11-18,4092,Saturday,Working Day
2023-11-19,1756,Sunday,Working Day
2023-11-20,4619,Monday,Working Day
2023-11-21,4797,Tuesday,Working Day
2023-11-22,4630,Wednesday,Working Day
2023-11-23,3939,Thursday,Working Day
2023-11-24,3929,Friday,Working Day
2023-11-25,4388,Saturday,Working Day
2023-11-26,1548,Sunday,Working Day
2023-11-27,4198,Monday,Working Day
2023-11-28,4368,Tuesday,Working Day
2023-11-29,4191,Wednesday,Working Day
2023-11-30,4143,Thursday,Working Day
2023-12-01,3918,Friday,Working Day
2023-12-02,4294,Saturday,Working Day
2023-12-03,1686,Sunday,Working Day
2023-12-04,4782,Monday,Working Day
2023-12-05,4325,Tuesday,Working Day
2023-12-06,4480,Wednesday,Working Day
2023-12-07,4221,Thursday,Working Day
2023-12-08,4087,Friday,Working Day
2023-12-09,4705,Saturday,Working Day
2023-12-10,1549,Sunday,Working Day
2023-12-11,4398,Monday,Working Day
2023-12-12,4470,Tuesday,Working Day
2023-12-13,4130,Wednesday,Working Day
2023-12-14,4016,Thursday,Working Day
2023-12-15,4083,Friday,Working Day
2023-12-16,4318,Saturday,Working Day
2023-12-17,1486,Sunday,Working Day
2023-12-18,3613,Monday,Working Day
2023-12-19,3668,Tuesday,Working Day
2023-12-20,3916,Wednesday,Working Day
2023-12-21,3702,Thursday,Working Day
2023-12-22,3587,Friday,Working Day
2023-12-23,4221,Saturday,Working Day
2023-12-24,1709,Sunday,Working Day
2023-12-25,4572,Monday,Christmas
2023-12-26,4909,Tuesday,Working Day
2023-12-27,5060,Wednesday,Working Day
2023-12-28,5012,Thursday,Working Day
2023-12-29,4678,Friday,Working Day
2023-12-30,4472,Saturday,Working Day
2023-12-31,1399,Sunday,Working Day
2024-01-01,2373,Monday,New Year's Day
2024-01-02,4032,Tuesday,Working Day
2024-01-03,4116,Wednesday,Working Day
2024-01-04,4115,Thursday,Working Day
2024-01-05,3926,Friday,Working Day
2024-01-06,4129,Saturday,Working Day
2024-01-07,1340,Sunday,Working Day
2024-01-08,4298,Monday,Working Day
2024-01-09,3786,Tuesday,Working Day
2024-01-10,3425,Wednesday,Working Day
2024-01-11,3463,Thursday,Working Day
2024-01-12,3189,Friday,Working Day
2024-01-13,3410,Saturday,Working Day
2024-01-14,1307,Sunday,Working Day
2024-01-15,1442,Monday,Pongal
2024-01-16,3261,Tuesday,Thiruvalluvar Day
2024-01-17,3913,Wednesday,Uzhavar Thirunal
2024-01-18,4181,Thursday,Working Day
2024-01-19,4114,Friday,Working Day
2024-01-20,4154,Saturday,Working Day
2024-01-21,1609,Sunday,Working Day
2024-01-22,4407,Monday,Working Day
2024-01-23,4573,Tuesday,Working Day
2024-01-24,4065,Wednesday,Working Day
2024-01-25,4627,Thursday,Thai Poosam
2024-01-26,4702,Friday,Republic Day
2024-01-27,4453,Saturday,Working Day
2024-01-28,1625,Sunday,Working Day
2024-01-29,4690,Monday,Working Day
2024-01-30,4879,Tuesday,Working Day
2024-01-31,4574,Wednesday,Working Day
2024-02-01,4150,Thursday,Working Day
2024-02-02,3957,Friday,Working Day
2024-02-03,4405,Saturday,Working Day
2024-02-04,1794,Sunday,Working Day
2024-02-05,4841,Monday,Working Day
2024-02-06,4815,Tuesday,Working Day
2024-02-07,4366,Wednesday,Working Day
2024-02-08,3996,Thursday,Working Day
2024-02-09,3410,Friday,Working Day
2024-02-10,4191,Saturday,Working Day
2024-02-11,1559,Sunday,Working Day
2024-02-12,4582,Monday,Working Day
2024-02-13,4541,Tuesday,Working Day
2024-02-14,4397,Wednesday,Working Day
2024-02-15,4132,Thursday,Working Day
2024-02-16,3931,Friday,Working Day
2024-02-17,4815,Saturday,Working Day
2024-02-18,1416,Sunday,Working Day
2024-02-19,4526,Monday,Working Day
2024-02-20,4568,Tuesday,Working Day
2024-02-21,3938,Wednesday,Working Day
2024-02-22,4120,Thursday,Working Day
2024-02-23,3914,Friday,Working Day
2024-02-24,4302,Saturday,Working Day
2024-02-25,1720,Sunday,Working Day
2024-02-26,4494,Monday,Working Day
2024-02-27,4550,Tuesday,Working Day
2024-02-28,4630,Wednesday,Working Day
2024-02-29,4448,Thursday,Working Day
2024-03-01,4166,Friday,Working Day
2024-03-02,4503,Saturday,Working Day
2024-03-03,1723,Sunday,Working Day
2024-03-04,4465,Monday,Working Day
2024-03-05,4845,Tuesday,Working Day
2024-03-06,4613,Wednesday,Working Day
2024-03-07,4190,Thursday,Working Day
2024-03-08,3511,Friday,Working Day
2024-03-09,4072,Saturday,Working Day
2024-03-10,1744,Sunday,Working Day
2024-03-11,4419,Monday,Working Day
2024-03-12,4226,Tuesday,Working Day
2024-03-13,4275,Wednesday,Working Day
2024-03-14,3966,Thursday,Working Day
2024-03-15,3692,Friday,Working Day
2024-03-16,3915,Saturday,Working Day
2024-03-17,1679,Sunday,Working Day
2024-03-18,4584,Monday,Working Day
2024-03-19,4905,Tuesday,Working Day
2024-03-20,4503,Wednesday,Working Day
2024-03-21,4673,Thursday,Working Day
2024-03-22,4128,Friday,Working Day
2024-03-23,4186,Saturday,Working Day
2024-03-24,1413,Sunday,Working Day
2024-03-25,4052,Monday,Working Day
2024-03-26,4372,Tuesday,Working Day
2024-03-27,4298,Wednesday,Working Day
2024-03-28,4346,Thursday,Working Day
2024-03-29,4801,Friday,Good Friday
2024-03-30,4062,Saturday,Working Day
2024-03-31,1659,Sunday,Working Day
2024-04-01,4172,Monday,*Annual closing of Accounts for Commercial Banks & Co-operative Banks
2024-04-02,4207,Tuesday,Working Day
2024-04-03,4199,Wednesday,Working Day
2024-04-04,3944,Thursday,Working Day
2024-04-05,3806,Friday,Working Day
2024-04-06,3751,Saturday,Working Day
2024-04-07,1338,Sunday,Working Day
2024-04-08,4247,Monday,Working Day
2024-04-09,4628,Tuesday,Telugu New Year's Day
2024-04-10,4045,Wednesday,Working Day
2024-04-11,4236,Thursday,Ramzan (Idul Fitr)
2024-04-12,4125,Friday,Working Day
2024-04-13,3858,Saturday,Working Day
2024-04-14,1326,Sunday,Tamil New Year's Day / Dr. B.R.Ambedkar's Birthday
2024-04-15,4511,Monday,Working Day
2024-04-16,4550,Tuesday,Working Day
2024-04-17,4280,Wednesday,Working Day
2024-04-18,3866,Thursday,Working Day
2024-04-19,2524,Friday,Working Day
2024-04-20,4279,Saturday,Working Day
2024-04-21,1321,Sunday,Mahaveer Jayanthi
2024-04-22,4325,Monday,Working Day
2024-04-23,2793,Tuesday,Working Day
2024-04-24,4586,Wednesday,Working Day
2024-04-25,4849,Thursday,Working Day
2024-04-26,4294,Friday,Working Day
2024-04-27,4379,Saturday,Working Day
2024-04-28,1779,Sunday,Working Day
2024-04-29,5645,Monday,Working Day
2024-04-30,5365,Tuesday,Working Day
2024-05-01,5492,Wednesday,May Day
2024-05-02,5334,Thursday,Working Day
2024-05-03,4829,Friday,Working Day
2024-05-04,4705,Saturday,Working Day
2024-05-05,1579,Sunday,Working Day
2024-05-06,5222,Monday,Working Day
2024-05-07,4871,Tuesday,Working Day
2024-05-08,4952,Wednesday,Working Day
2024-05-09,5024,Thursday,Working Day
2024-05-10,4466,Friday,Working Day
2024-05-11,4563,Saturday,Working Day
2024-05-12,1734,Sunday,Working Day
2024-05-13,4959,Monday,Working Day
2024-05-14,5130,Tuesday,Working Day
2024-05-15,5226,Wednesday,Working Day
2024-05-16,5092,Thursday,Working Day
2024-05-17,4710,Friday,Working Day
2024-05-18,4324,Saturday,Working Day
2024-05-19,1764,Sunday,Working Day
2024-05-20,4918,Monday,Working Day
2024-05-21,5014,Tuesday,Working Day
2024-05-22,4719,Wednesday,Working Day
2024-05-23,4885,Thursday,Working Day
2024-05-24,4795,Friday,Working Day
2024-05-25,4718,Saturday,Working Day
2024-05-26,1851,Sunday,Working Day
2024-05-27,5501,Monday,Working Day
2024-05-28,5630,Tuesday,Working Day
2024-05-29,5424,Wednesday,Working Day
2024-05-30,5148,Thursday,Working Day
2024-05-31,4623,Friday,Working Day
2024-06-01,4625,Saturday,Working Day
2024-06-02,1604,Sunday,Working Day
2024-06-03,5306,Monday,Working Day
2024-06-04,4394,Tuesday,Working Day
2024-06-05,4849,Wednesday,Working Day
2024-06-06,4944,Thursday,Working Day
2024-06-07,4470,Friday,Working Day
2024-06-08,4530,Saturday,Working Day
2024-06-09,1493,Sunday,Working Day
2024-06-10,4095,Monday,Working Day
2024-06-11,4559,Tuesday,Working Day
2024-06-12,4040,Wednesday,Working Day
2024-06-13,4772,Thursday,Working Day
2024-06-14,4394,Friday,Working Day
2024-06-15,4660,Saturday,Working Day
2024-06-16,1870,Sunday,Working Day
2024-06-17,5292,Monday,Bakrid (Idul Azha)
2024-06-18,5053,Tuesday,Working Day
2024-06-19,5002,Wednesday,Working Day
2024-06-20,4875,Thursday,Working Day
2024-06-21,4434,Friday,Working Day
2024-06-22,5057,Saturday,Working Day
2024-06-23,1665,Sunday,Working Day
2024-06-24,5136,Monday,Working Day
2024-06-25,5090,Tuesday,Working Day
2024-06-26,4891,Wednesday,Working Day
2024-06-27,4998,Thursday,Working Day
2024-06-28,4560,Friday,Working Day
2024-06-29,4940,Saturday,Working Day
2024-06-30,1804,Sunday,Working Day
2024-07-01,5150,Monday,Working Day
2024-07-02,5132,Tuesday,Working Day
2024-07-03,5176,Wednesday,Working Day
2024-07-04,4862,Thursday,Working Day
2024-07-05,4230,Friday,Working Day
2024-07-06,4898,Saturday,Working Day
2024-07-07,1764,Sunday,Working Day
2024-07-08,5040,Monday,Working Day
2024-07-09,4988,Tuesday,Working Day
2024-07-10,4568,Wednesday,Working Day
2024-07-11,4676,Thursday,Working Day
2024-07-12,4108,Friday,Working Day
2024-07-13,5002,Saturday,Working Day
2024-07-14,1902,Sunday,Working Day
2024-07-15,5098,Monday,Working Day
2024-07-16,4841,Tuesday,Working Day
2024-07-17,5583,Wednesday,Muharram
2024-07-18,4724,Thursday,Working Day
2024-07-19,4238,Friday,Working Day
2024-07-20,4746,Saturday,Working Day
2024-07-21,1793,Sunday,Working Day
2024-07-22,5009,Monday,Working Day
2024-07-23,5027,Tuesday,Working Day
2024-07-24,4715,Wednesday,Working Day
2024-07-25,4643,Thursday,Working Day
2024-07-26,4282,Friday,Working Day
2024-07-27,4808,Saturday,Working Day
2024-07-28,1840,Sunday,Working Day
2024-07-29,4790,Monday,Working Day
2024-07-30,4782,Tuesday,Working Day
2024-07-31,4302,Wednesday,Working Day
2024-08-01,4372,Thursday,Working Day
2024-08-02,3909,Friday,Working Day
2024-08-03,3536,Saturday,Working Day
2024-08-04,1691,Sunday,Working Day
2024-08-05,4522,Monday,Working Day
2024-08-06,4608,Tuesday,Working Day
2024-08-07,4326,Wednesday,Working Day
2024-08-08,4543,Thursday,Working Day
2024-08-09,4187,Friday,Working Day
2024-08-10,4783,Saturday,Working Day
2024-08-11,1731,Sunday,Working Day
2024-08-12,4442,Monday,Working Day
2024-08-13,4561,Tuesday,Working Day
2024-08-14,4181,Wednesday,Working Day
2024-08-15,4630,Thursday,Independence Day
2024-08-16,3946,Friday,Working Day
2024-08-17,2640,Saturday,Working Day
2024-08-18,1476,Sunday,Working Day
2024-08-19,4776,Monday,Working Day
2024-08-20,5017,Tuesday,Working Day
2024-08-21,4611,Wednesday,Working Day
2024-08-22,4393,Thursday,Working Day
2024-08-23,4222,Friday,Working Day
2024-08-24,5135,Saturday,Working Day
2024-08-25,1576,Sunday,Working Day
2024-08-26,5404,Monday,Krishna Jayanthi
2024-08-27,4468,Tuesday,Working Day
2024-08-28,4621,Wednesday,Working Day
2024-08-29,4290,Thursday,Working Day
2024-08-30,3903,Friday,Working Day
2024-08-31,4360,Saturday,Working Day
